Customer Service Representative,Handles customer inquiries.,College Education in Communication
Customer Service Representative,Responds to customer concerns swiftly.,College Education in Communication
Customer Service Representative,Retains customers by resolving issues.,College Education in Communication
Customer Service Representative,Addresses processes clearly.,College Education in Communication
Customer Service Representative,Manages requests with patience and care,College Education in Communication
Customer Service Representative,Supports confidentiality.,College Education in Communication
Technical Support Agent,Provides basic troubleshooting,College Education in Technology
Technical Support Agent,Assists in resolving network issues.,College Education in Technology
Technical Support Agent,Investigates technical problems.,College Education in Technology
Technical Support Agent,Supports software installation and configuration.,College Education in Technology
Technical Support Agent,Diagnoses hardware-related problems,College Education in Technology
Technical Support Agent,Acts as an expert for technology.,College Education in Technology
Back Office Specialist,Inputs and maintains data accurately.,College Education in Management
Back Office Specialist,Verifies and processes documents.,College Education in Management
Back Office Specialist,Compiles and prepares reports.,College Education in Management
Back Office Specialist,Audits records or tickets.,College Education in Management
Back Office Specialist,Updates workforce scheduling tools.,College Education in Management
Back Office Specialist,Organizes transactions and operations.,College Education in Management
